date,year,month,cfb_nominal_usd,source,sbu_usd,ipc_index,income_household_proxy_usd,affordability_gap_sbu_usd,affordability_gap_household_proxy_usd,coverage_sbu_pct,coverage_household_proxy_pct,cfb_real_2014usd,sbu_real_2014usd,income_household_proxy_real_2014usd,engel_proxy_pct,data_status,cfb_mom_pct,rolling_med,rolling_mad,outlier_flag
2015 ene.,2015,1,664.9913466520527,INEC - Informe Ejecutivo Canastas Analíticas dic-2015,354,100.6,566.4,310.9913466520527,98.59134665205272,53.23377541410708,85.17404066257133,661.0251954791777,351.8886679920477,563.0218687872764,47.197479052635096,fallback_cpi_reconstructed,NA,NA,NA,FALSE
2015 feb.,2015,2,666.2327272727273,INEC - Informe Ejecutivo Canastas Analíticas dic-2015,354,100.96286059382194,566.4,312.2327272727273,99.83272727272731,53.1345857849291,85.01533725588655,659.8790122964236,350.623979865386,560.9983677846176,47.28558551617874,fallback_cpi_reconstructed,0.1866762066791372,NA,NA,FALSE
2015 mar.,2015,3,667.5358393031839,INEC - Informe Ejecutivo Canastas Analíticas dic-2015,354,101.33811650434326,566.4,313.53583930318393,101.13583930318396,53.030860540690604,84.84937686510496,658.7213798024102,349.32561627472904,558.9209860395665,47.37807334037429,fallback_cpi_reconstructed,0.19559411855838427,NA,NA,FALSE
2015 abr.,2015,4,668.7585665759112,INEC - Informe Ejecutivo Canastas Analíticas dic-2015,354,101.70029401290684,566.4,314.75856657591123,102.35856657591125,52.93390136480849,84.69424218369359,657.5778104348831,348.0815895724684,556.9305433159494,47.46485589045133,fallback_cpi_reconstructed,0.18317028101497712,NA,NA,FALSE
2015 may.,2015,5,669.7803319543151,INEC - Informe Ejecutivo Canastas Analíticas dic-2015,354,102.02744064813929,566.4,315.7803319543151,103.38033195431512,52.85314947470657,84.56503915953051,656.4707765866418,346.9654808071048,555.1447692913678,47.53737525523212,fallback_cpi_reconstructed,0.15278538914804685,NA,NA,FALSE
2015 jun.,2015,6,670.5344058790951,INEC - Informe Ejecutivo Canastas Analíticas dic-2015,354,102.30709161372563,566.4,316.53440587909506,104.13440587909508,52.79371153757474,84.46993846011958,655.4134178799541,346.0170692141022,553.6273107425636,47.590895332520525,fallback_cpi_reconstructed,0.11258525949540132,NA,NA,FALSE
2015 jul.,2015,7,671.0257864997697,INEC - Informe Ejecutivo Canastas Analíticas dic-2015,354,102.53973297318993,566.4,317.02578649976965,104.62578649976967,52.755051612330476,84.40808257972877,654.4056309130591,345.23202834218125,552.37124534749,47.62577086386078,fallback_cpi_reconstructed,0.07328193995210786,0.11513845866042427,0.10016059900564117,FALSE
2015 ago.,2015,8,671.3298604245496,INEC - Informe Ejecutivo Canastas Analíticas dic-2015,354,102.73875631428253,566.4,317.32986042454957,104.92986042454959,52.73115659954856,84.3698505592777,653.433898275857,344.56325217437706,551.3012034790032,47.64735238182715,fallback_cpi_reconstructed,0.04531478981844028,0.11769165782544722,0.10227649213048076,FALSE
2015 sep.,2015,9,671.5722029395475,INEC - Informe Ejecutivo Canastas Analíticas dic-2015,354,102.92688444906064,566.4,317.57220293954754,105.17220293954756,52.71212811526474,84.33940498442358,652.4750132429338,343.9334649007058,550.2935438411293,47.66455253914162,fallback_cpi_reconstructed,0.03609887318951621,0.11769165782544722,0.10324259127048531,FALSE
2015 oct.,2015,10,671.8949302122749,INEC - Informe Ejecutivo Canastas Analíticas dic-2015,354,103.13005712200771,566.4,317.89493021227486,105.49493021227488,52.686809214077435,84.2988947425239,651.5025289061865,343.25589442969215,549.2094310875075,47.68745797057459,fallback_cpi_reconstructed,0.04805548402908588,0.11769165782544722,0.10324259127048531,FALSE
2015 nov.,2015,11,672.4186193793255,INEC - Informe Ejecutivo Canastas Analíticas dic-2015,354,103.3704668084364,566.4,318.4186193793255,106.01861937932551,52.645775979070734,84.23324156651317,650.4939371372242,342.4575809027002,547.9321294443204,47.72462658730383,fallback_cpi_reconstructed,0.0779421221239529,0.11769165782544722,0.10730594450718847,FALSE
2015 dic.,2015,12,673.21,INEC - Informe Ejecutivo Canastas Analíticas dic-2015,354,103.66062400327752,566.4,319.21000000000004,106.81000000000006,52.58388912820665,84.13422260513063,649.436569066683,341.49900543605384,546.3984086976861,47.78079449152543,fallback_cpi_reconstructed,0.11769165782544722,0.11769165782544722,0.1209694625012313,FALSE
2016 ene.,2016,1,675.8038466520527,INEC - Reporte inflación / Canasta dic-2016,366,103.80871110648124,585.6,309.8038466520527,90.20384665205268,54.1577266559183,86.65236264946928,651.0088021022152,352.5715675484858,564.1145080775773,46.39227225992575,fallback_cpi_reconstructed,0.38529532420086277,0.29477771112007556,0.1840875449446591,FALSE
2016 feb.,2016,2,678.585,INEC - Reporte inflación / Canasta dic-2016,366,103.99157938276576,585.6,312.58500000000004,92.98500000000001,53.93576338999536,86.29722142399257,652.5384113095411,351.9515735527488,563.1225176843981,46.583191598360656,fallback_cpi_reconstructed,0.411532630618372,0.29477771112007556,0.17310084364817427,FALSE
2016 mar.,2016,3,681.4278847577294,INEC - Reporte inflación / Canasta dic-2016,366,104.1861888657315,585.6,315.42788475772943,95.82788475772941,53.71074594784528,85.93719351655245,654.0481921609688,351.2941628680529,562.0706605888846,46.77834864627856,fallback_cpi_reconstructed,0.41894305911998053,0.29477771112007556,0.16400672462049565,FALSE
2016 abr.,2016,4,684.1903847577294,INEC - Reporte inflación / Canasta dic-2016,366,104.36628263506357,585.6,318.19038475772936,98.59038475772934,53.49388242712589,85.59021188340142,655.5664985693994,350.68797197634046,561.1007551621448,46.96798747824576,fallback_cpi_reconstructed,0.4053987313686225,0.29477771112007556,0.13420141315357512,FALSE
2016 may.,2016,5,686.751922863406,INEC - Reporte inflación / Canasta dic-2016,366,104.50941019508568,585.6,320.751922863406,101.15192286340596,53.29435387293366,85.27096619669386,657.1197001126114,350.2076983467756,560.3323173548409,47.14383077033627,fallback_cpi_reconstructed,0.37438966737066703,0.29623376921623645,0.11587393460375878,FALSE
2016 jun.,2016,6,689.0457695154587,INEC - Reporte inflación / Canasta dic-2016,366,104.60300501096422,585.6,323.0457695154587,103.44576951545866,53.116935941334276,84.98709750613484,658.7246412693733,349.894345732837,559.8309531725392,47.30129770239317,fallback_cpi_reconstructed,0.33401386667961663,0.3336755072623321,0.0972219128668677,FALSE
2016 jul.,2016,7,691.076922863406,INEC - Reporte inflación / Canasta dic-2016,366,104.64783537226205,585.6,325.076922863406,105.476922863406,52.960819250557044,84.73731080089127,660.3833900673142,349.74445357425134,559.5911257188021,47.44073138509037,fallback_cpi_reconstructed,0.29477771112007556,0.3336755072623321,0.0972219128668677,FALSE
2016 ago.,2016,8,692.9207695154587,INEC - Reporte inflación / Canasta dic-2016,366,104.65783588838251,585.6,326.9207695154587,107.32076951545866,52.81989169641057,84.51182671425691,662.0820731038792,349.7110339548189,559.5376543277102,47.56730692370464,fallback_cpi_reconstructed,0.26680773023253224,0.29623376921623645,0.05788793651928377,FALSE
2016 sep.,2016,9,694.7028847577294,INEC - Reporte inflación / Canasta dic-2016,366,104.65634513219548,585.6,328.7028847577294,109.10288475772938,52.68439328960593,84.29502926336949,663.7943297945512,349.7160153430652,559.5456245489042,47.68964475283593,fallback_cpi_reconstructed,0.2571888909488118,0.29477771112007556,0.05817152423257559,FALSE
2016 oct.,2016,10,696.5653847577294,INEC - Reporte inflación / Canasta dic-2016,366,104.6698014502616,585.6,330.56538475772936,110.96538475772934,52.543523983365546,84.06963837338486,665.4883979012156,349.6710559577404,559.4736895323846,47.8175007979179,fallback_cpi_reconstructed,0.2681002254149911,0.2681002254149911,0.09772356453893377,FALSE
2016 nov.,2016,11,698.6288466520527,INEC - Reporte inflación / Canasta dic-2016,366,104.7206454243611,585.6,332.62884665205274,113.02884665205272,52.38833205269633,83.82133128431411,667.1357341439104,349.50128364550517,559.2020538328082,47.959152382876574,fallback_cpi_reconstructed,0.29623376921623645,0.26680773023253224,0.09963981789644732,FALSE
2016 dic.,2016,12,700.96,INEC - Reporte inflación / Canasta dic-2016,366,104.82134363770506,585.6,334.96000000000004,115.36000000000001,52.214106368409034,83.54257018945445,668.7187701225566,349.16552993730846,558.6648478996935,48.11918032786886,fallback_cpi_reconstructed,0.3336755072623321,0.2571888909488118,0.11390070901849123,FALSE
2017 ene.,2017,1,701.909679985386,INEC - Presentación IPC dic-2017,375,104.85626805071965,600,326.909679985386,101.90967998538599,53.425677219298024,85.48108355087683,669.4017372865758,357.6324114630993,572.2118583409589,47.027948559020864,fallback_cpi_reconstructed,0.1354827644068024,0.17050334606465434,0.12851998884525187,FALSE
2017 feb.,2017,2,703.0466666666667,INEC - Presentación IPC dic-2017,375,104.92612256899666,600,328.04666666666674,103.04666666666674,53.3392757237547,85.34284115800752,670.0396902633677,357.39431784816963,571.8309085570714,47.10412666666667,fallback_cpi_reconstructed,0.16198475583131255,0.16198475583131255,0.14114965072520438,FALSE
2017 mar.,2017,3,704.2453847577294,INEC - Presentación IPC dic-2017,375,105.00754531178335,600,329.2453847577294,104.24538475772943,53.248485274632706,85.19757643941233,670.6616964206886,357.1171946611723,571.3875114578756,47.18444077876788,fallback_cpi_reconstructed,0.17050334606465434,0.15879881608567015,0.14587312499209382,FALSE
2017 abr.,2017,4,705.3637180910627,INEC - Presentación IPC dic-2017,375,105.07403402713229,600,330.36371809106265,105.36371809106265,53.16406137458681,85.06249819933889,671.3016442377411,356.89121815116306,571.0259490418609,47.2593691121012,fallback_cpi_reconstructed,0.15879881608567015,0.1354827644068024,0.11970654265250927,FALSE
2017 may.,2017,5,706.2810895300727,INEC - Presentación IPC dic-2017,375,105.10303453229795,600,331.2810895300727,106.28108953007268,53.0950078600445,84.9520125760712,671.9892462410625,356.7927431103459,570.8683889765534,47.320832998514874,fallback_cpi_reconstructed,0.13005651063151547,0.13005651063151547,0.1050028555519052,FALSE
2017 jun.,2017,6,706.9307695154587,INEC - Presentación IPC dic-2017,375,105.0820315467731,600,331.9307695154587,106.93076951545868,53.04621275107757,84.8739404017241,672.7418180917034,356.86405609039224,570.9824897446276,47.36436155753574,fallback_cpi_reconstructed,0.09198603714821729,0.09699187601210912,0.09163496935306156,FALSE
2017 jul.,2017,7,707.3177561967393,INEC - Presentación IPC dic-2017,375,105.01196078433233,600,332.3177561967393,107.31775619673931,53.017190182865185,84.82750429258431,673.5592316473253,357.1021788367079,571.3634861387326,47.39028966518154,fallback_cpi_reconstructed,0.054741807538793985,0.09699187601210912,0.06263995151853702,FALSE
2017 ago.,2017,8,707.5174361821254,INEC - Presentación IPC dic-2017,375,104.90696642966036,600,332.5174361821254,107.51743618212538,53.00222734065164,84.80356374504262,674.42369202098,357.45957848417606,571.9353255746817,47.4036682242024,fallback_cpi_reconstructed,0.028230591362476964,0.09699187601210912,0.06263995151853702,FALSE
2017 sep.,2017,9,707.6553847577294,INEC - Presentación IPC dic-2017,375,104.79055746731574,600,332.6553847577294,107.6553847577294,52.991895218657,84.7870323498512,675.3045330238343,357.8566705468313,572.5706728749301,47.41291077876787,fallback_cpi_reconstructed,0.019497551374625388,0.09699187601210912,0.06263995151853702,FALSE
2017 oct.,2017,10,707.8737180910626,INEC - Presentación IPC dic-2017,375,104.68924389827549,600,332.87371809106264,107.87371809106264,52.97555064076543,84.76088102522469,676.166616294306,358.20298823094015,573.1247811695042,47.4275391121012,fallback_cpi_reconstructed,0.03085305899395152,0.09699187601210912,0.06166801224450886,FALSE
2017 nov.,2017,11,708.2930133187194,INEC - Presentación IPC dic-2017,375,104.62542115150166,600,333.29301331871943,108.29301331871943,52.94419017956013,84.71070428729621,676.9798444042426,358.4214962986725,573.474394077876,47.455631892354205,fallback_cpi_reconstructed,0.05923305484309971,0.09699187601210912,0.05719705968301772,FALSE
2017 dic.,2017,12,708.98,INEC - Presentación IPC dic-2017,375,104.61142154425484,600,333.98,108.98000000000002,52.892888374848376,84.62862139975739,677.7271444495885,358.46946199976827,573.5511391996292,47.50166000000001,fallback_cpi_reconstructed,0.09699187601210912,0.09198603714821729,0.055218294818930994,FALSE
2018 ene.,2018,1,709.7763466520527,INEC - Boletín técnico IPC dic-2018,386,104.68723574727836,617.6,323.77634665205267,92.17634665205264,54.383328187917954,87.01332510066872,677.9970276085021,368.71734862866043,589.9477578058567,46.199820491276746,fallback_cpi_reconstructed,0.11232286553255477,0.06956169683598468,0.05738942646459835,FALSE
2018 feb.,2018,2,710.76,INEC - Boletín técnico IPC dic-2018,386,104.79796707375574,617.6,324.76,93.15999999999997,54.308064606899656,86.89290337103945,678.219263070031,368.3277555645112,589.324408903218,46.26384715025907,fallback_cpi_reconstructed,0.13858638042631988,0.06956169683598468,0.06127749697502253,FALSE
2018 mar.,2018,3,711.8053847577294,INEC - Boletín técnico IPC dic-2018,386,104.92032314006855,617.6,325.80538475772937,94.20538475772935,54.228305695015116,86.76528911202418,678.4246973843854,367.89821880808574,588.6371500929372,46.33189194828485,fallback_cpi_reconstructed,0.14707985223272324,0.06956169683598468,0.06339770870953482,FALSE
2018 abr.,2018,4,712.7703847577293,INEC - Boletín técnico IPC dic-2018,386,105.02783730782934,617.6,326.7703847577293,95.17038475772927,54.15488750015918,86.64782000025468,678.6490163256894,367.521611312114,588.0345780993823,46.394704448284834,fallback_cpi_reconstructed,0.1355707642375359,0.06956169683598468,0.06339770870953482,FALSE
2018 may.,2018,5,713.5344228634059,INEC - Boletín técnico IPC dic-2018,386,105.09794783872493,617.6,327.5344228634059,95.93442286340587,54.09689955124887,86.55503928199818,678.9232687571977,367.2764387296366,587.6423019674186,46.4444362032204,fallback_cpi_reconstructed,0.10719274004857837,0.06956169683598468,0.06339770870953482,FALSE
2018 jun.,2018,6,714.0307695154586,INEC - Boletín técnico IPC dic-2018,386,105.11809609693718,617.6,328.0307695154586,96.43076951545856,54.05929498835739,86.49487198137182,679.2653177974208,367.20604190171105,587.5296670427376,46.47674374112926,fallback_cpi_reconstructed,0.06956169683598468,0.07467585689324707,0.062199085691567485,FALSE
2018 jul.,2018,7,714.264422863406,INEC - Boletín técnico IPC dic-2018,386,105.08915940208016,617.6,328.264422863406,96.664422863406,54.04161087186301,86.46657739498082,679.6746942570632,367.30715346492667,587.6914455438828,46.49195239493025,fallback_cpi_reconstructed,0.032723148346391895,0.06956169683598468,0.06339770870953482,FALSE
2018 ago.,2018,8,714.3107695154587,INEC - Boletín técnico IPC dic-2018,386,105.02523464794534,617.6,328.3107695154587,96.71076951545865,54.03810448802794,86.4609671808447,680.1325147331466,367.5307189685498,588.0491503496797,46.494969129730315,fallback_cpi_reconstructed,0.006488724703213045,0.06457426431860647,0.06318615211725634,FALSE
2018 sep.,2018,9,714.2953847577294,INEC - Boletín técnico IPC dic-2018,386,104.94981620746553,617.6,328.2953847577294,96.69538475772936,54.03926838067437,86.46282940907899,680.6066085391757,367.794831805091,588.4717308881457,46.49396772548692,fallback_cpi_reconstructed,-0.0021537905328994356,0.06457426431860647,0.04722246454040532,FALSE
2018 oct.,2018,10,714.3603847577293,INEC - Boletín técnico IPC dic-2018,386,104.88944089149064,617.6,328.3603847577293,96.7603847577293,54.03435132127454,86.45496211403926,681.0603419049049,368.00653785476993,588.8104605676318,46.498198619269296,fallback_cpi_reconstructed,0.009099876799845141,0.06188173072199099,0.0365475096960875,FALSE
2018 nov.,2018,11,714.6263466520527,INEC - Boletín técnico IPC dic-2018,386,104.86656468471968,617.6,328.6263466520527,97.02634665205267,54.014241401589565,86.4227862425433,681.4625317426675,368.0868169568683,588.9389071309893,46.51551025811613,fallback_cpi_reconstructed,0.037230773150098706,0.03840818633396026,0.04345249971527907,FALSE
2018 dic.,2018,12,715.16,INEC - Boletín técnico IPC dic-2018,386,104.89359244189697,617.6,329.15999999999997,97.55999999999995,53.973935902455395,86.35829744392863,681.7956972883201,367.99197264009666,588.7871562241546,46.55024611398964,fallback_cpi_reconstructed,0.07467585689324707,0.037230773150098706,0.041706866928885936,FALSE
2019 ene.,2019,1,715.434679985386,INEC - Boletín técnico IPC dic-2019,394,104.93991848123436,630.4000000000001,321.43467998538597,85.03467998538588,55.07141476676084,88.11426362681735,681.7564663091691,375.4529312603346,600.7246900165354,45.62257952952493,fallback_cpi_reconstructed,0.03840818633396026,0.033809974321941105,0.04161918603871396,FALSE
2019 feb.,2019,2,715.8966666666666,INEC - Boletín técnico IPC dic-2019,394,105.02121130616152,630.4000000000001,321.89666666666665,85.49666666666656,55.03587575488083,88.05740120780933,681.6686436606217,375.16230778504104,600.2596924560657,45.65203997461928,fallback_cpi_reconstructed,0.06457426431860647,0.033809974321941105,0.045611136349056065,FALSE
2019 mar.,2019,3,716.4203847577294,INEC - Boletín técnico IPC dic-2019,394,105.11409923482314,630.4000000000001,322.4203847577294,86.02038475772929,54.99564339354167,87.99302942966668,681.5644998843192,374.8307818533559,599.7292509653695,45.68543697217754,fallback_cpi_reconstructed,0.0731555426149999,0.033809974321941105,0.053319877773786585,FALSE
2019 abr.,2019,4,716.8637180910627,INEC - Boletín técnico IPC dic-2019,394,105.1920568903025,630.4000000000001,322.86371809106265,86.46371809106256,54.961632184312954,87.93861149490074,681.480844925991,374.55299539477136,599.2847926316343,45.713707911263825,fallback_cpi_reconstructed,0.06188173072199099,0.033809974321941105,0.055361521491086335,FALSE
2019 may.,2019,5,717.1060895300726,INEC - Boletín técnico IPC dic-2019,394,105.23249989801654,630.4000000000001,323.1060895300726,86.70608953007252,54.94305595120416,87.90888952192667,681.4492578101234,374.4090469976816,599.0544751962906,45.72916370417023,fallback_cpi_reconstructed,0.033809974321941105,0.033809974321941105,0.05833373955128897,FALSE
2019 jun.,2019,6,717.0807695154587,INEC - Boletín técnico IPC dic-2019,394,105.22288535603728,630.4000000000001,323.08076951545866,86.68076951545856,54.944995982284006,87.91199357165442,681.4874607259716,374.4432579156544,599.109212665047,45.72754907125862,fallback_cpi_reconstructed,-0.0035308603543615646,0.0016762994648589213,0.089260572381824,FALSE
2019 jul.,2019,7,716.7927561967393,INEC - Boletín técnico IPC dic-2019,394,105.16413394155683,630.4000000000001,322.79275619673933,86.39275619673924,54.96707334077162,87.9473173452346,681.5943129385582,374.6524458794657,599.4439134071451,45.70918273970323,fallback_cpi_reconstructed,-0.0401646970555225,-0.0035308603543615646,0.06217883062010593,FALSE
2019 ago.,2019,8,716.3174361821253,INEC - Boletín técnico IPC dic-2019,394,105.07039433866346,630.4000000000001,322.31743618212533,85.91743618212524,55.00354732393036,88.0056757182886,681.7500216790728,374.9866958051543,599.9787132882469,45.67887204080177,fallback_cpi_reconstructed,-0.06631205610057034,-0.0035308603543615646,0.055361521491086335,FALSE
2019 sep.,2019,9,715.7803847577294,INEC - Boletín técnico IPC dic-2019,394,104.96520076189455,630.4000000000001,321.7803847577294,85.3803847577293,55.04481659320092,88.07170654912147,681.9216078873815,375.3624983710159,600.5799973936255,45.64462478943641,fallback_cpi_reconstructed,-0.07497394273386915,-0.0035308603543615646,0.0543133262931412,FALSE
2019 oct.,2019,10,715.3237180910627,INEC - Boletín técnico IPC dic-2019,394,104.87510366590871,630.4000000000001,321.3237180910627,84.9237180910626,55.07995751230532,88.12793201968852,682.072000967747,375.68496833636584,601.0959493381854,45.615503596543014,fallback_cpi_reconstructed,-0.06379982972308795,-0.0035308603543615646,0.04776323470106642,FALSE
2019 nov.,2019,11,715.0680133187194,INEC - Boletín técnico IPC dic-2019,394,104.82254316060038,630.4000000000001,321.0680133187194,84.66801331871932,55.099653831723934,88.15944613075831,682.1700673901336,375.87334567560146,601.3973530809624,45.599197549829505,fallback_cpi_reconstructed,-0.03574672080294272,-0.01892375882613928,0.03496718602539975,FALSE
2019 dic.,2019,12,715.08,INEC - Boletín técnico IPC dic-2019,394,104.81988702495748,630.4000000000001,321.08000000000004,84.67999999999995,55.09873021200425,88.1579683392068,682.1987890806831,375.8828703051255,601.4125924882009,45.59996192893401,fallback_cpi_reconstructed,0.0016762994648589213,-0.023439842474959338,0.04166273164314036,FALSE
2020 ene.,2020,1,714.9446799853861,INEC - Boletín técnico IPC dic-2020,400,104.7907132186291,640,314.9446799853861,74.94467998538607,55.94838470693652,89.51741553109844,682.259580096347,381.71321457223394,610.7411433155743,44.90746271158206,fallback_cpi_reconstructed,-0.01892375882613928,-0.03574672080294272,0.045316166112262704,FALSE
2020 feb.,2020,2,714.9966666666667,INEC - Boletín técnico IPC dic-2020,400,104.79644417058998,640,314.99666666666667,74.99666666666667,55.94431675672148,89.51090681075436,682.2718769949668,381.6923400080933,610.7077440129493,44.910728125000006,fallback_cpi_reconstructed,0.007271427109811768,-0.03574672080294272,0.055483369849042716,FALSE
2020 mar.,2020,3,715.1103847577294,INEC - Boletín técnico IPC dic-2020,400,104.8136828842116,640,315.11038475772943,75.11038475772943,55.93542039464509,89.49667263143215,682.268159156011,381.62956304272103,610.6073008683536,44.91787104259488,fallback_cpi_reconstructed,0.01590470226846552,-0.03574672080294272,0.05815827923479151,FALSE
2020 abr.,2020,4,715.1437180910627,INEC - Boletín técnico IPC dic-2020,400,104.8159549095048,640,315.14371809106274,75.14371809106274,55.93281320679462,89.49250113087139,682.2851718600457,381.62129071413693,610.5940651426191,44.91996479259488,fallback_cpi_reconstructed,0.004661285032891982,-0.03574672080294272,0.05990890945220853,FALSE
2020 may.,2020,5,714.9760895300726,INEC - Boletín técnico IPC dic-2020,400,104.78078885513209,640,314.9760895300726,74.97608953007261,55.94592684391799,89.51348295026878,682.3541770797173,381.7493687254372,610.7989899606995,44.90943562360769,fallback_cpi_reconstructed,-0.023439842474959338,-0.03574672080294272,0.0637787060954498,FALSE
2020 jun.,2020,6,714.5407695154587,INEC - Boletín técnico IPC dic-2020,400,104.69577643935736,640,314.5407695154587,74.54076951545869,55.9800108076753,89.56801729228047,682.4924498547848,382.05934719027647,611.2949555044423,44.88209208518975,fallback_cpi_reconstructed,-0.06088595422820697,-0.05602049764498185,0.08554127139504993,FALSE
2020 jul.,2020,7,713.8427561967394,INEC - Boletín técnico IPC dic-2020,400,104.5619413994449,640,313.8427561967394,73.8427561967394,56.03474946375411,89.65559914200658,682.6984528431193,382.5483676435674,612.0773882297078,44.8382481236077,fallback_cpi_reconstructed,-0.09768698281451549,-0.05602049764498185,0.08996681099821574,FALSE
2020 ago.,2020,8,712.9574361821253,INEC - Boletín técnico IPC dic-2020,400,104.39345698934835,640,312.9574361821253,72.95743618212532,56.10433101616739,89.76692962586783,682.9522239644493,383.1657764152915,613.0652422644664,44.78263896018974,fallback_cpi_reconstructed,-0.12402171303537157,-0.05602049764498185,0.09383660764145701,FALSE
2020 sep.,2020,9,712.0103847577294,INEC - Boletín técnico IPC dic-2020,400,104.21378086705653,640,312.0103847577294,72.01038475772941,56.17895589206962,89.8863294273114,683.2209510429597,383.8263967318028,614.1222347708845,44.72315229259488,fallback_cpi_reconstructed,-0.13283421650910343,-0.05602049764498185,0.09740767020365351,FALSE
2020 oct.,2020,10,711.1437180910627,INEC - Boletín técnico IPC dic-2020,400,104.04929783900609,640,311.14371809106274,71.14371809106274,56.2474208552004,89.99587336832064,683.4680606796643,384.43315650136725,615.0930504021876,44.66871479259488,fallback_cpi_reconstructed,-0.12172107109948982,-0.05602049764498185,0.09740767020365351,FALSE
2020 nov.,2020,11,710.4780133187194,INEC - Boletín técnico IPC dic-2020,400,103.92223871292609,640,310.4780133187194,70.47801331871938,56.30012364936628,90.08019783898604,683.6631139955883,384.9031785246242,615.8450856393987,44.62690021158206,fallback_cpi_reconstructed,-0.09361044123827877,-0.05602049764498185,0.1008186019377918,FALSE
2020 dic.,2020,12,710.08,INEC - Boletín técnico IPC dic-2020,400,103.84478437747809,640,310.08000000000004,70.08000000000004,56.33168093735917,90.13068949977466,683.7897582018596,385.19026487261135,616.3044237961782,44.60190000000001,fallback_cpi_reconstructed,-0.05602049764498185,-0.05602049764498185,0.11388401958794665,FALSE
2021 ene.,2021,1,711.1588466520527,INEC - Boletín técnico IPC dic-2021,400,104.06311466077632,640,311.1588466520527,71.15884665205272,56.24622429758048,89.99395887612877,683.3918521180917,384.38211397373135,615.0113823579702,44.66966505533206,fallback_cpi_reconstructed,0.15193311345942373,0.07200541190033327,0.16958571631862943,FALSE
2021 feb.,2021,2,712.4250000000001,INEC - Boletín técnico IPC dic-2021,400,104.31655831537807,640,312.42500000000007,72.42500000000007,56.14626100993087,89.83401761588938,682.9452691931614,383.4482333961674,613.5171734338678,44.7491953125,fallback_cpi_reconstructed,0.17804086300945432,0.07200541190033327,0.15720815981438285,FALSE
2021 mar.,2021,3,713.7528847577295,INEC - Boletín técnico IPC dic-2021,400,104.58207398009434,640,313.7528847577295,73.75288475772948,56.041805019922656,89.66688803187625,682.4810960371486,382.4747251389699,611.9595602223519,44.83260307384488,fallback_cpi_reconstructed,0.18638941049646807,0.07200541190033327,0.15237416682369226,FALSE
2021 abr.,2021,4,715.0003847577293,INEC - Boletín técnico IPC dic-2021,400,104.83332901300778,640,315.0003847577293,75.00038475772931,55.9440258393058,89.51044134288928,682.0353712787387,381.5580443413828,610.4928709462125,44.910961667594876,fallback_cpi_reconstructed,0.1747803794058589,0.07200541190033327,0.1185008103315075,FALSE
2021 may.,2021,5,716.0469228634059,INEC - Boletín técnico IPC dic-2021,400,105.04774334337704,640,316.04692286340594,76.04692286340594,55.86226086978165,89.37961739165064,681.6395098777252,380.7792411993959,609.2467859190334,44.976697342357696,fallback_cpi_reconstructed,0.14636888706447415,0.07635710066806745,0.10379947451131258,FALSE
2021 jun.,2021,6,716.8257695154587,INEC - Boletín técnico IPC dic-2021,400,105.21261102728735,640,316.82576951545866,76.82576951545866,55.80156531905677,89.28250451049084,681.311643648447,380.1825618568275,608.2920989709239,45.02561864768975,fallback_cpi_reconstructed,0.10877033713632134,0.10877033713632134,0.0895013315217001,FALSE
2021 jul.,2021,7,717.341922863406,INEC - Boletín técnico IPC dic-2021,400,105.32860451062331,640,317.341922863406,77.34192286340601,55.76141408316474,89.21826253306358,681.0513878887059,379.7638845197617,607.6222152316187,45.058039529857695,fallback_cpi_reconstructed,0.07200541190033327,0.1135385251749721,0.09079717308271276,FALSE
2021 ago.,2021,8,717.6707695154587,INEC - Boletín técnico IPC dic-2021,400,105.40965010982922,640,317.6707695154587,77.67076951545869,55.73586343359968,89.1773814937595,680.8397227082129,379.47189805034833,607.1550368805573,45.07869521018975,fallback_cpi_reconstructed,0.045842385837424615,0.1135385251749721,0.09563116607340334,FALSE
2021 sep.,2021,9,717.9378847577293,INEC - Boletín técnico IPC dic-2021,400,105.47918328703634,640,317.9378847577293,77.93788475772931,55.715126404700236,89.14420224752038,680.6441445455956,379.22174549976916,606.7547927996306,45.09547338634487,fallback_cpi_reconstructed,0.03721974666057726,0.1135385251749721,0.09657064710780372,FALSE
2021 oct.,2021,10,718.2853847577293,INEC - Boletín técnico IPC dic-2021,400,105.56382690263665,640,318.2853847577293,78.28538475772928,55.688171928336835,89.10107508533893,680.4275724299162,378.91767638258034,606.2682822121285,45.11730073009487,fallback_cpi_reconstructed,0.0484025160640833,0.1135385251749721,0.09657064710780372,FALSE
2021 nov.,2021,11,718.8338466520527,INEC - Boletín técnico IPC dic-2021,400,105.68624369557988,640,318.83384665205267,78.83384665205267,55.645682498534,89.0330919976544,680.1583834529985,378.478774543417,605.5660392694672,45.151750992832056,fallback_cpi_reconstructed,0.07635710066806745,0.1135385251749721,0.10036629618184789,FALSE
2021 dic.,2021,12,719.65,INEC - Boletín técnico IPC dic-2021,400,105.85909145384046,640,319.65,79.64999999999998,55.58257486278052,88.93211978044883,679.8187950760953,377.86079070442315,604.577265127077,45.203015625,fallback_cpi_reconstructed,0.1135385251749721,0.1135385251749721,0.11315022102544178,FALSE
2022 ene.,2022,1,723.5805133187193,INEC - Boletín técnico IPC dic-2022,425,106.23642454871928,680,298.58051331871934,43.58051331871934,58.73568900449341,93.97710240718945,681.1039776540016,400.0511141120887,640.081782579342,42.77637740501841,fallback_cpi_reconstructed,0.5461701269671826,0.45296487972228405,0.17996884869060023,FALSE
2022 feb.,2022,2,727.6983333333333,INEC - Boletín técnico IPC dic-2022,425,106.65048072035948,680,302.69833333333327,47.69833333333327,58.40332188933602,93.44531502293762,682.3207250620637,398.49796937564844,637.5967510010375,43.019813235294116,fallback_cpi_reconstructed,0.5690894017760906,0.45296487972228405,0.17216621639697355,FALSE
2022 mar.,2022,3,731.8778847577294,INEC - Boletín técnico IPC dic-2022,425,107.07786171036736,680,306.87788475772936,51.87788475772936,58.0697967312793,92.91167477004687,683.500653699427,396.90744026022253,635.051904416356,43.26689848126577,fallback_cpi_reconstructed,0.5743522051577354,0.45296487972228405,0.15882204665243893,FALSE
2022 abr.,2022,4,735.977051424396,INEC - Boletín técnico IPC dic-2022,425,107.49166245149618,680,310.977051424396,55.977051424395995,57.74636575657666,92.39418521052265,684.682918320752,395.37950228630444,632.6072036580871,43.50923156950106,fallback_cpi_reconstructed,0.5600888825905148,0.45296487972228405,0.13818609956528657,FALSE
2022 may.,2022,5,739.8752561967393,INEC - Boletín técnico IPC dic-2022,425,107.86866848191998,680,314.8752561967393,59.875256196739315,57.4421156053621,91.90738496857935,685.9037629826225,393.9976324740069,630.3962119584111,43.739684263395475,fallback_cpi_reconstructed,0.5296639025359262,0.45296487972228405,0.11371397122350586,FALSE
2022 jun.,2022,6,743.5057695154587,INEC - Boletín técnico IPC dic-2022,425,108.19566931260977,680,318.5057695154587,63.505769515458724,57.161627713658724,91.45860434185396,687.1862563807866,392.80684957181364,628.4909593149018,43.95431166841388,fallback_cpi_reconstructed,0.4906926253192667,0.48275260811529996,0.08598190348115249,FALSE
2022 jul.,2022,7,746.8735895300726,INEC - Boletín técnico IPC dic-2022,425,108.47313543382948,680,321.87358953007265,66.87358953007265,56.90387315307358,91.04619704491773,688.5332359417956,391.8020791970722,626.8833267153155,44.15340926339547,fallback_cpi_reconstructed,0.45296487972228405,0.48275260811529996,0.08598190348115249,FALSE
2022 ago.,2022,8,750.054102848792,INEC - Boletín técnico IPC dic-2022,425,108.71519018071382,680,325.054102848792,70.05410284879201,56.66257919072784,90.66012670516454,689.9257606982068,390.92973051285287,625.4875688205645,44.341433727237415,fallback_cpi_reconstructed,0.4258435916472125,0.45296487972228405,0.055935155622086494,FALSE
2022 sep.,2022,9,753.1728847577294,INEC - Boletín técnico IPC dic-2022,425,108.94584730953405,680,328.17288475772943,73.17288475772943,56.427947500620434,90.28471600099269,691.3277590267711,390.1020649208421,624.1633038733473,44.52580877538342,fallback_cpi_reconstructed,0.4158075926912419,0.44953122667434897,0.061025889630955045,FALSE
2022 oct.,2022,10,756.372051424396,INEC - Boletín técnico IPC dic-2022,425,109.19255349643608,680,331.372051424396,76.37205142439598,56.189278702146936,89.9028459234351,692.6956346424147,389.22068070683184,622.7530891309309,44.71493598126576,fallback_cpi_reconstructed,0.4247586087350541,0.4258435916472125,0.09614517732218754,FALSE
2022 nov.,2022,11,759.7721799853861,INEC - Boletín técnico IPC dic-2022,425,109.47881970666985,680,334.77217998538606,79.77217998538606,55.937820730442475,89.50051316870795,693.9901087909682,388.20294294249453,621.1247087079912,44.915943581489,fallback_cpi_reconstructed,0.44953122667434897,0.4247586087350541,0.0977537729877536,FALSE
2022 dic.,2022,12,763.44,INEC - Boletín técnico IPC dic-2022,425,109.81793004872912,680,338.44000000000005,83.44000000000005,55.66907681022739,89.07052289636383,695.1870242511778,387.0041985051223,619.2067176081956,45.13277647058824,fallback_cpi_reconstructed,0.48275260811529996,0.4158075926912419,0.11102454937430958,FALSE
2023 ene.,2023,1,765.6271799853861,INEC - Boletín técnico IPC dic-2023,450,109.99562627834563,720,315.6271799853861,45.62717998538608,58.77534285141097,94.04054856225756,696.0523848902452,409.1071756446643,654.5714810314629,42.74751754918406,fallback_cpi_reconstructed,0.2864900955394045,0.31721520887273424,0.14617306824931944,FALSE
2023 feb.,2023,2,768.0016666666667,INEC - Boletín técnico IPC dic-2023,450,110.21023997867081,720,318.00166666666667,48.001666666666665,58.59362284370042,93.74979654992069,696.8514602774655,408.31051641579705,653.2968262652753,42.880093055555555,fallback_cpi_reconstructed,0.31013615286306084,0.31013615286306084,0.1497727088965407,FALSE
2023 mar.,2023,3,770.4378847577294,INEC - Boletín técnico IPC dic-2023,450,110.43737433847097,720,320.4378847577294,50.43788475772942,58.40834269741372,93.45334831586196,697.6242321702379,407.47075226619364,651.9532036259099,43.01611523230656,fallback_cpi_reconstructed,0.31721520887273424,0.3057784903807148,0.14331203850021446,FALSE
2023 abr.,2023,4,772.7937180910627,INEC - Boletín técnico IPC dic-2023,450,110.64920410227485,720,322.7937180910627,52.793718091062715,58.230287004865886,93.16845920778542,698.417782903126,406.69067947751137,650.7050871640182,43.14764926008434,fallback_cpi_reconstructed,0.3057784903807148,0.2864900955394045,0.11471506430848784,FALSE
2023 may.,2023,5,774.9485895300726,INEC - Boletín técnico IPC dic-2023,450,110.82191852945577,720,324.9485895300726,54.94858953007258,58.068368157541805,92.90938905206689,699.2737536158934,406.0568576787387,649.690972285982,43.26796291542905,fallback_cpi_reconstructed,0.27884173856029815,0.27884173856029815,0.09959007918060551,FALSE
2023 jun.,2023,6,776.8357695154587,INEC - Boletín técnico IPC dic-2023,450,110.94216982111854,720,326.83576951545865,56.83576951545865,57.927301710203395,92.68368273632544,700.2168524087971,405.6167287205335,648.9867659528536,43.37333046461311,fallback_cpi_reconstructed,0.24352324926875113,0.24534959514208587,0.08748583437847705,FALSE
2023 jul.,2023,7,778.4602561967394,INEC - Boletín técnico IPC dic-2023,450,111.010743011621,720,328.46025619673935,58.46025619673935,57.80641932813999,92.49027092502398,701.247676646257,405.36617249097446,648.5858759855591,43.464030970984624,fallback_cpi_reconstructed,0.2091158446905661,0.24352324926875113,0.08477809398667097,FALSE
2023 ago.,2023,8,779.8974361821253,INEC - Boletín técnico IPC dic-2023,450,111.04239059964137,720,329.89743618212526,59.89743618212526,57.69989477115218,92.31983163384349,702.3420803267937,405.2506412820811,648.4010260513298,43.54427352016866,fallback_cpi_reconstructed,0.1846182864116086,0.21166915041743728,0.049934627348764006,FALSE
2023 sep.,2023,9,781.2728847577293,INEC - Boletín técnico IPC dic-2023,450,111.0618539091832,720,331.27288475772934,61.272884757729344,57.59831280200436,92.15730048320698,703.4574493926483,405.1796221301791,648.2873954082866,43.621069398973226,fallback_cpi_reconstructed,0.17636275127885792,0.2091158446905661,0.04855973629219854,FALSE
2023 oct.,2023,10,782.7287180910627,INEC - Boletín técnico IPC dic-2023,450,111.0971825200701,720,332.72871809106266,62.72871809106266,57.49118303688546,91.98589285901673,704.5441660499895,405.05077607949767,648.0812417271962,43.702353426751,fallback_cpi_reconstructed,0.18634120826870326,0.190373267252264,0.02778774531002669,FALSE
2023 nov.,2023,11,784.3855133187193,INEC - Boletín técnico IPC dic-2023,450,111.17220402470076,720,334.3855133187193,64.38551331871929,57.36974897663001,91.79159836260801,705.5590200806317,404.77743870222895,647.6439019235663,43.79485782696183,fallback_cpi_reconstructed,0.21166915041743728,0.18634120826870326,0.03376567595905384,FALSE
2023 dic.,2023,12,786.31,INEC - Boletín técnico IPC dic-2023,450,111.30017559584554,720,336.30999999999995,66.30999999999995,57.22933702992459,91.56693924787935,706.4768728265602,404.3120305883839,646.8992489414142,43.90230833333333,fallback_cpi_reconstructed,0.24534959514208587,0.1846182864116086,0.03632007990438239,FALSE
2024 ene.,2024,1,787.5630133187193,INEC - Boletín técnico IPC dic-2024,460,111.40486425203545,736,327.5630133187193,51.5630133187193,58.40802478288075,93.4528396526092,706.9377253914026,412.9083618461439,660.6533789538303,43.016349368767,fallback_cpi_reconstructed,0.15935360337770987,0.1828831458888125,0.03488489972696074,FALSE
2024 feb.,2024,2,789.0033333333333,INEC - Boletín técnico IPC dic-2024,460,111.54675061295208,736,329.00333333333333,53.00333333333333,58.30140134600192,93.28224215360306,707.3297330471223,412.3831465034068,659.8130344054508,43.095019021739134,fallback_cpi_reconstructed,0.1828831458888125,0.17984275554332463,0.030377217000740434,FALSE
2024 mar.,2024,3,790.5053847577293,INEC - Boletín técnico IPC dic-2024,460,111.701066365102,736,330.5053847577293,54.5053847577293,58.190621957746544,93.10499513239446,707.697258837183,411.81343649528014,658.9014983924482,43.177060417473804,fallback_cpi_reconstructed,0.190373267252264,0.17636275127885792,0.032942131302148375,FALSE
2024 abr.,2024,4,791.9270514243959,INEC - Boletín técnico IPC dic-2024,460,111.83964241801814,736,331.9270514243959,55.92705142439593,58.08615821023201,92.93785313637122,708.0915445566651,411.30317484446,658.0850797511359,43.25471123269119,fallback_cpi_reconstructed,0.17984275554332463,0.15935360337770987,0.05811460962521482,FALSE
2024 may.,2024,5,793.1477561967392,INEC - Boletín técnico IPC dic-2024,460,111.93844354067417,736,333.14775619673924,57.14775619673924,57.996759923493705,92.79481587758993,708.557070394265,410.94014303750214,657.5042288600034,43.321385596615386,fallback_cpi_reconstructed,0.15414358811809414,0.15414358811809414,0.08528739866500613,FALSE
2024 jun.,2024,6,794.1007695154586,INEC - Boletín técnico IPC dic-2024,460,111.9840679377986,736,334.10076951545864,58.10076951545864,57.927157063540065,92.6834513016641,709.1194168411,410.7727183616034,657.2363493785654,43.373438769730214,fallback_cpi_reconstructed,0.12015583619491288,0.12425912974747266,0.08240828360493012,FALSE
2024 jul.,2024,7,794.7910895300727,INEC - Boletín técnico IPC dic-2024,460,111.97741579341194,736,334.79108953007267,58.79108953007267,57.87684412415584,92.60295059864933,709.7780243441135,410.7971207771555,657.2753932434488,43.41114374878929,fallback_cpi_reconstructed,0.0869310345883667,0.12425912974747266,0.08240828360493012,FALSE
2024 ago.,2024,8,795.294102848792,INEC - Boletín técnico IPC dic-2024,460,111.93347414239564,736,335.294102848792,59.29410284879202,57.840237762640506,92.5443804202248,710.5060474019258,410.9583871352132,657.5334194163411,43.43861811755631,fallback_cpi_reconstructed,0.06328874660845862,0.12425912974747266,0.08691596633115042,FALSE
2024 sep.,2024,9,795.7353847577294,INEC - Boletín técnico IPC dic-2024,460,111.87725858623445,736,335.73538475772943,59.735384757729435,57.808161960781995,92.4930591372512,711.2574930895188,411.16488356338675,657.8638137014188,43.46272074356077,fallback_cpi_reconstructed,0.05548663159411493,0.12425912974747266,0.08703058131103222,FALSE
2024 oct.,2024,10,796.257051424396,INEC - Boletín técnico IPC dic-2024,460,111.8370496090247,736,336.25705142439597,60.25705142439597,57.77028902627893,92.43246244204629,711.9796652433702,411.3127104194282,658.1003366710851,43.491213950082496,fallback_cpi_reconstructed,0.06555780686130497,0.12425912974747266,0.08703058131103222,FALSE
2024 nov.,2024,11,796.979679985386,INEC - Boletín técnico IPC dic-2024,460,111.83680100427867,736,336.97967998538604,60.97967998538604,57.71790819164108,92.34865310662573,712.6273935132454,411.31362473645976,658.1017995783355,43.53068360789745,fallback_cpi_reconstructed,0.09075317571096697,0.12425912974747266,0.0903946900419022,FALSE
2024 dic.,2024,12,797.97,INEC - Boletín técnico IPC dic-2024,460,111.88976804340447,736,337.97,61.97000000000003,57.64627742897603,92.23404388636163,713.1751311616359,411.1189146639003,657.7902634622404,43.58477445652174,fallback_cpi_reconstructed,0.12425912974747266,0.12425912974747266,0.10196210576216816,FALSE
2025 ene.,2025,1,800.004679985386,INEC - Boletín técnico IPC dic-2025,470,112.12226386495792,752,330.004679985386,48.00467998538602,58.74965631558376,93.99945010493401,713.5109945237336,419.18525705659715,670.6964112905555,42.766207626878355,fallback_cpi_reconstructed,0.25498201503639795,0.18162567507471472,0.13676525870449943,FALSE
2025 feb.,2025,2,802.2266666666667,INEC - Boletín técnico IPC dic-2025,470,112.39258092776164,752,332.2266666666667,50.22666666666669,58.58693303638207,93.73909285821131,713.771905622742,418.17706837970405,669.0833094075265,42.88498936170213,fallback_cpi_reconstructed,0.27774671034690446,0.18162567507471472,0.1347275675566924,FALSE
2025 mar.,2025,3,804.5103847577294,INEC - Boletín técnico IPC dic-2025,470,112.67589126352578,752,334.5103847577294,52.51038475772941,58.42062562580047,93.47300100128075,714.0040125142164,417.12561110412383,667.4009777665981,43.00707110008075,fallback_cpi_reconstructed,0.28467242313843233,0.18162567507471472,0.10875810962719154,FALSE
2025 abr.,2025,4,806.7137180910627,INEC - Boletín técnico IPC dic-2025,470,112.943823338407,752,336.7137180910627,54.713718091062674,58.261064546189594,93.21770327390335,714.2610319414753,416.13608084770283,665.8177293563245,43.12485567454883,fallback_cpi_reconstructed,0.27387257828832556,0.18162567507471472,0.09872294095472686,FALSE
2025 may.,2025,5,808.7160895300726,INEC - Boletín técnico IPC dic-2025,470,113.17205129080673,752,338.7160895300726,56.71608953007262,58.1168108418749,92.98689734699984,714.5899365665795,415.29688172947283,664.4750107671566,43.23189733924059,fallback_cpi_reconstructed,0.2482133864970315,0.18441008313068163,0.08917980348594562,FALSE
2025 jun.,2025,6,810.4507695154587,INEC - Boletín técnico IPC dic-2025,470,113.34688942871405,752,340.45076951545866,58.45076951545866,57.99241825397948,92.78786920636716,715.0180949828059,414.6562842340651,663.4500547745041,43.32462890228915,fallback_cpi_reconstructed,0.21449801825930148,0.21449801825930148,0.08075421312896712,FALSE
2025 jul.,2025,7,811.9227561967393,INEC - Boletín técnico IPC dic-2025,470,113.46906611430995,752,341.92275619673933,59.92275619673933,57.8872800907323,92.61964814517167,715.5454645046603,414.2098072143442,662.7356915429507,43.40331755200654,fallback_cpi_reconstructed,0.18162567507471472,NA,NA,FALSE
2025 ago.,2025,8,813.2074361821253,INEC - Boletín técnico IPC dic-2025,470,113.55358785394654,752,343.2074361821253,61.20743618212532,57.79583155394796,92.47333048631674,716.1442025311246,413.9014969782526,662.2423951652042,43.47199326399127,fallback_cpi_reconstructed,0.15822687264042123,NA,NA,FALSE
2025 sep.,2025,9,814.4303847577294,INEC - Boletín técnico IPC dic-2025,470,113.62570350345457,752,344.43038475772937,62.43038475772937,57.70904533968389,92.33447254349423,716.7659778079774,413.6388031126342,661.8220849802148,43.53736897242118,fallback_cpi_reconstructed,0.15038580824415781,NA,NA,FALSE
2025 oct.,2025,10,815.7337180910627,INEC - Boletín técnico IPC dic-2025,470,113.71409301187136,752,345.73371809106266,63.733718091062656,57.61684108140943,92.18694573025509,717.3549878341842,413.31728332998586,661.3076533279774,43.607041844761596,fallback_cpi_reconstructed,0.16003004771500962,NA,NA,FALSE
2025 nov.,2025,11,817.2380133187194,INEC - Boletín técnico IPC dic-2025,470,113.84316764155322,752,347.23801331871937,65.23801331871937,57.51078539425478,92.01725663080765,717.8630305613739,412.84866693084535,660.5578670893526,43.68745762687835,fallback_cpi_reconstructed,0.18441008313068163,NA,NA,FALSE
2025 dic.,2025,12,819.01,INEC - Boletín técnico IPC dic-2025,470,114.02655912013306,752,349.01,67.00999999999999,57.386356698941405,91.81817071830625,718.2624875465455,412.1846731381502,659.4954770210403,43.782183510638305,fallback_cpi_reconstructed,0.2168262675502186,NA,NA,FALSE
